Name,LAT,LONG
GenSP,-9.6458333333333,-77.7291666666666
GenSP,-9.10416666666663,-77.5625
GenSP,-10.1041666666666,-77.4791666666666
GenSP,-10.0208333333333,-77.3958333333333
GenSP,-9.31249999999997,-77.0625
GenSP,-11.2291666666666,-77.0208333333333
GenSP,-10.0625,-76.8541666666666
GenSP,-11.1041666666666,-76.8125
GenSP,-11.4375,-76.7291666666666
GenSP,-11.7291666666666,-76.7291666666666
GenSP,-11.7708333333333,-76.6875
GenSP,-11.6041666666666,-76.6458333333333
GenSP,-11.3125,-76.6041666666666
GenSP,-11.3125,-76.5208333333333
GenSP,-11.6041666666666,-76.5208333333333
GenSP,-12.1875,-76.2708333333333
GenSP,-12.2708333333333,-76.2708333333333
GenSP,-10.8958333333333,-76.1875
GenSP,-12.8958333333333,-76.1875
GenSP,-12.5625,-76.1458333333333
GenSP,-12.1875,-76.1041666666666
GenSP,-12.2291666666666,-76.1041666666666
GenSP,-12.6875,-76.0625
GenSP,-12.5208333333333,-76.0208333333333
GenSP,-12.9791666666666,-75.9375
GenSP,-12.0625,-75.8541666666666
GenSP,-13.1041666666666,-75.7708333333333
GenSP,-10.6458333333333,-75.7291666666666
GenSP,-13.0208333333333,-75.6458333333333
GenSP,-12.9791666666666,-75.6041666666666
GenSP,-13.9791666666666,-75.5208333333333
GenSP,-13.0625,-75.4791666666666
GenSP,-13.6458333333333,-75.4791666666666
GenSP,-12.8541666666666,-75.3541666666666
GenSP,-13.9375,-75.2708333333333
GenSP,-13.9375,-75.1875
GenSP,-13.4375,-75.1458333333333
GenSP,-12.0208333333333,-75.1041666666666
GenSP,-13.3125,-75.1041666666666
GenSP,-14.0208333333333,-75.0625
GenSP,-13.4375,-75.0208333333333
GenSP,-12.7291666666666,-74.9375
GenSP,-13.5625,-74.9375
GenSP,-14.0208333333333,-74.9375
GenSP,-13.6041666666666,-74.8958333333333
GenSP,-13.7291666666666,-74.8541666666666
GenSP,-14.0208333333333,-74.8541666666666
GenSP,-14.1875,-74.8541666666666
GenSP,-14.3958333333333,-74.8125
GenSP,-13.8541666666666,-74.7291666666666
GenSP,-14.0625,-74.6875
GenSP,-14.7291666666666,-74.6458333333333
GenSP,-13.7291666666666,-74.6041666666666
GenSP,-13.9791666666666,-74.6041666666666
GenSP,-14.0208333333333,-74.6041666666666
GenSP,-14.1458333333333,-74.6041666666666
GenSP,-14.2291666666666,-74.6041666666666
GenSP,-11.8958333333333,-74.5625
GenSP,-13.7291666666666,-74.5208333333333
GenSP,-14.0208333333333,-74.5208333333333
GenSP,-14.1875,-74.5208333333333
GenSP,-14.0208333333333,-74.4791666666666
GenSP,-14.1458333333333,-74.4791666666666
GenSP,-14.2708333333333,-74.4791666666666
GenSP,-14.4375,-74.4791666666666
GenSP,-14.2708333333333,-74.4375
GenSP,-14.5208333333333,-74.3958333333333
GenSP,-13.8541666666666,-74.3541666666666
GenSP,-14.1875,-74.3541666666666
GenSP,-14.1041666666666,-74.3125
GenSP,-14.6458333333333,-74.3125
GenSP,-14.3125,-74.2708333333333
GenSP,-13.8958333333333,-74.2291666666666
GenSP,-14.5625,-74.2291666666666
GenSP,-15.0625,-74.1875
GenSP,-14.2291666666666,-74.1458333333333
GenSP,-14.2708333333333,-74.1041666666666
GenSP,-14.3541666666666,-74.1041666666666
GenSP,-14.6041666666666,-74.0625
GenSP,-14.5625,-74.0208333333333
GenSP,-14.5208333333333,-73.9791666666666
GenSP,-14.6041666666666,-73.9791666666666
GenSP,-14.3541666666666,-73.9375
GenSP,-14.8541666666666,-73.9375
GenSP,-15.0208333333333,-73.9375
GenSP,-14.2708333333333,-73.8958333333333
GenSP,-14.5625,-73.8958333333333
GenSP,-14.6041666666666,-73.8958333333333
GenSP,-14.3125,-73.8541666666666
GenSP,-14.5208333333333,-73.8541666666666
GenSP,-15.4791666666666,-73.8541666666666
GenSP,-13.9791666666666,-73.8125
GenSP,-14.2708333333333,-73.7708333333333
GenSP,-14.3125,-73.7708333333333
GenSP,-14.3541666666666,-73.7708333333333
GenSP,-14.6458333333333,-73.7708333333333
GenSP,-14.7291666666666,-73.7291666666666
GenSP,-14.9375,-73.7291666666666
GenSP,-14.5208333333333,-73.6458333333333
GenSP,-14.7291666666666,-73.6458333333333
GenSP,-15.1458333333333,-73.6458333333333
GenSP,-13.8958333333333,-73.6041666666666
GenSP,-14.4791666666666,-73.6041666666666
GenSP,-14.6041666666666,-73.5625
GenSP,-14.6875,-73.5625
GenSP,-13.9791666666666,-73.5208333333333
GenSP,-14.9791666666666,-73.5208333333333
GenSP,-15.0208333333333,-73.5208333333333
GenSP,-37.7291666666667,-73.5208333333333
GenSP,-14.5208333333333,-73.4791666666666
GenSP,-14.9791666666666,-73.4791666666666
GenSP,-15.3541666666666,-73.4791666666666
GenSP,-15.3958333333333,-73.4791666666666
GenSP,-13.8125,-73.4375
GenSP,-14.3125,-73.4375
GenSP,-15.1875,-73.4375
GenSP,-14.6875,-73.3958333333333
GenSP,-15.3125,-73.3958333333333
GenSP,-15.3541666666666,-73.3958333333333
GenSP,-15.5208333333333,-73.3541666666666
GenSP,-13.8125,-73.3125
GenSP,-13.9791666666666,-73.3125
GenSP,-14.5625,-73.3125
GenSP,-14.6041666666666,-73.3125
GenSP,-14.6875,-73.3125
GenSP,-14.8125,-73.3125
GenSP,-14.8958333333333,-73.3125
GenSP,-15.5625,-73.3125
GenSP,-14.3541666666666,-73.2708333333333
GenSP,-13.7291666666666,-73.2291666666666
GenSP,-13.8125,-73.1875
GenSP,-14.8541666666666,-73.1875
GenSP,-14.9791666666666,-73.1875
GenSP,-15.2291666666666,-73.1875
GenSP,-15.3125,-73.1875
GenSP,-14.8958333333333,-73.1458333333333
GenSP,-14.3125,-73.1041666666666
GenSP,-14.6458333333333,-73.1041666666666
GenSP,-15.0625,-73.1041666666666
GenSP,-15.2291666666666,-73.1041666666666
GenSP,-37.1458333333333,-73.1041666666666
GenSP,-14.4375,-73.0625
GenSP,-14.5208333333333,-73.0208333333333
GenSP,-14.8125,-73.0208333333333
GenSP,-14.9791666666666,-72.9791666666666
GenSP,-15.3541666666666,-72.9791666666666
GenSP,-14.0208333333333,-72.9375
GenSP,-14.2291666666666,-72.9375
GenSP,-14.6458333333333,-72.9375
GenSP,-14.7708333333333,-72.9375
GenSP,-14.8541666666666,-72.9375
GenSP,-15.2708333333333,-72.8958333333333
GenSP,-14.3125,-72.8541666666666
GenSP,-14.4375,-72.8541666666666
GenSP,-14.8541666666666,-72.8541666666666
GenSP,-15.5625,-72.8541666666666
GenSP,-14.3541666666666,-72.8125
GenSP,-15.7708333333333,-72.8125
GenSP,-39.8125,-72.8125
GenSP,-14.4375,-72.7708333333333
GenSP,-14.6875,-72.7291666666666
GenSP,-14.9791666666666,-72.7291666666666
GenSP,-15.1041666666666,-72.7291666666666
GenSP,-15.8125,-72.7291666666666
GenSP,-15.4791666666666,-72.6875
GenSP,-40.5625,-72.6875
GenSP,-15.1875,-72.6458333333333
GenSP,-36.2708333333333,-72.6458333333333
GenSP,-14.5208333333333,-72.6041666666666
GenSP,-14.7291666666666,-72.6041666666666
GenSP,-14.8541666666666,-72.6041666666666
GenSP,-15.6458333333333,-72.6041666666666
GenSP,-14.8125,-72.5625
GenSP,-14.9791666666666,-72.5625
GenSP,-15.2291666666666,-72.5625
GenSP,-36.3541666666667,-72.5625
GenSP,-39.9791666666667,-72.5625
GenSP,-14.4791666666666,-72.5208333333333
GenSP,-14.7708333333333,-72.5208333333333
GenSP,-15.0208333333333,-72.5208333333333
GenSP,-15.3541666666666,-72.5208333333333
GenSP,-38.7291666666667,-72.5208333333333
GenSP,-14.2291666666666,-72.4791666666666
GenSP,-14.7291666666666,-72.4791666666666
GenSP,-15.2291666666666,-72.4791666666666
GenSP,-15.4375,-72.4375
GenSP,-41.4375,-72.4375
GenSP,-13.3541666666666,-72.3958333333333
GenSP,-13.8958333333333,-72.3958333333333
GenSP,-14.5208333333333,-72.3958333333333
GenSP,-14.6458333333333,-72.3958333333333
GenSP,-14.7708333333333,-72.3958333333333
GenSP,-36.0625,-72.3958333333333
GenSP,-37.3541666666667,-72.3958333333333
GenSP,-14.8541666666666,-72.3541666666666
GenSP,-15.1041666666666,-72.3541666666666
GenSP,-15.7291666666666,-72.3541666666666
GenSP,-13.0625,-72.2708333333333
GenSP,-14.2708333333333,-72.2708333333333
GenSP,-15.0625,-72.2708333333333
GenSP,-15.2708333333333,-72.2708333333333
GenSP,-15.4375,-72.2708333333333
GenSP,-36.8958333333333,-72.2708333333333
GenSP,-14.5625,-72.2291666666666
GenSP,-15.1041666666666,-72.2291666666666
GenSP,-15.1875,-72.2291666666666
GenSP,-15.3958333333333,-72.2291666666666
GenSP,-15.5208333333333,-72.2291666666666
GenSP,-15.0625,-72.1875
GenSP,-15.5625,-72.1875
GenSP,-15.3958333333333,-72.1458333333333
GenSP,-14.6458333333333,-72.1041666666666
GenSP,-15.8958333333333,-72.1041666666666
GenSP,-40.2291666666667,-72.1041666666666
GenSP,-14.8125,-72.0625
GenSP,-14.8541666666666,-72.0625
GenSP,-14.9375,-72.0625
GenSP,-15.2708333333333,-72.0625
GenSP,-40.9791666666667,-72.0625
GenSP,-15.1458333333333,-72.0208333333333
GenSP,-15.2708333333333,-72.0208333333333
GenSP,-14.8125,-71.9791666666666
GenSP,-15.2291666666666,-71.9791666666666
GenSP,-38.6875,-71.9791666666666
GenSP,-39.5208333333333,-71.9791666666666
GenSP,-14.1875,-71.9375
GenSP,-14.8125,-71.9375
GenSP,-15.1458333333333,-71.9375
GenSP,-15.6875,-71.9375
GenSP,-39.3958333333333,-71.9375
GenSP,-13.3125,-71.8958333333333
GenSP,-13.7291666666666,-71.8958333333333
GenSP,-14.8125,-71.8958333333333
GenSP,-15.2708333333333,-71.8958333333333
GenSP,-36.8958333333333,-71.8958333333333
GenSP,-45.9375,-71.8958333333333
GenSP,-13.6458333333333,-71.8541666666666
GenSP,-14.8958333333333,-71.8541666666666
GenSP,-14.9791666666666,-71.8541666666666
GenSP,-15.5208333333333,-71.8541666666666
GenSP,-15.6875,-71.8541666666666
GenSP,-15.7708333333333,-71.8541666666666
GenSP,-14.4375,-71.8125
GenSP,-14.6875,-71.8125
GenSP,-14.8125,-71.8125
GenSP,-15.7708333333333,-71.8125
GenSP,-16.0208333333333,-71.8125
GenSP,-41.8958333333333,-71.8125
GenSP,-14.1875,-71.7708333333333
GenSP,-15.1458333333333,-71.7708333333333
GenSP,-14.2708333333333,-71.7291666666666
GenSP,-14.5208333333333,-71.7291666666666
GenSP,-15.1875,-71.7291666666666
GenSP,-15.3125,-71.7291666666666
GenSP,-37.1041666666667,-71.7291666666666
GenSP,-13.3958333333333,-71.6875
GenSP,-15.6041666666666,-71.6875
GenSP,-15.7291666666666,-71.6875
GenSP,-14.3958333333333,-71.6458333333333
GenSP,-14.5625,-71.6458333333333
GenSP,-14.6458333333333,-71.6458333333333
GenSP,-14.9375,-71.6458333333333
GenSP,-14.4791666666666,-71.6041666666666
GenSP,-14.6458333333333,-71.6041666666666
GenSP,-42.7291666666667,-71.6041666666666
GenSP,-14.2708333333333,-71.5625
GenSP,-14.4375,-71.5625
GenSP,-14.8541666666666,-71.5625
GenSP,-15.5625,-71.5625
GenSP,-38.3958333333333,-71.5625
GenSP,-14.2291666666666,-71.5208333333333
GenSP,-14.2708333333333,-71.5208333333333
GenSP,-15.5625,-71.5208333333333
GenSP,-37.3958333333333,-71.5208333333333
GenSP,-13.8958333333333,-71.4791666666666
GenSP,-15.8958333333333,-71.4791666666666
GenSP,-36.6041666666667,-71.4375
GenSP,-37.1458333333333,-71.4375
GenSP,-13.6458333333333,-71.3958333333333
GenSP,-15.3541666666666,-71.3958333333333
GenSP,-15.3958333333333,-71.3958333333333
GenSP,-13.8125,-71.3541666666666
GenSP,-13.8541666666666,-71.3541666666666
GenSP,-14.6458333333333,-71.3541666666666
GenSP,-15.5625,-71.3541666666666
GenSP,-15.3541666666666,-71.3125
GenSP,-15.5625,-71.3125
GenSP,-13.9791666666666,-71.2708333333333
GenSP,-14.0208333333333,-71.2708333333333
GenSP,-14.8958333333333,-71.2708333333333
GenSP,-15.5625,-71.2708333333333
GenSP,-33.0625,-71.2708333333333
GenSP,-14.6458333333333,-71.2291666666666
GenSP,-14.7708333333333,-71.2291666666666
GenSP,-15.2708333333333,-71.2291666666666
GenSP,-15.3125,-71.2291666666666
GenSP,-37.8958333333333,-71.2291666666666
GenSP,-39.6458333333333,-71.2291666666666
GenSP,-43.3125,-71.2291666666666
GenSP,-14.1041666666666,-71.1875
GenSP,-15.3958333333333,-71.1875
GenSP,-15.4375,-71.1875
GenSP,-16.0625,-71.1875
GenSP,-16.4375,-71.1875
GenSP,-16.6041666666666,-71.1875
GenSP,-14.6041666666666,-71.1458333333333
GenSP,-14.7291666666666,-71.1458333333333
GenSP,-15.7708333333333,-71.1458333333333
GenSP,-15.9791666666666,-71.1458333333333
GenSP,-16.0625,-71.1458333333333
GenSP,-16.3541666666666,-71.1458333333333
GenSP,-37.5625,-71.1458333333333
GenSP,-13.5625,-71.1041666666666
GenSP,-14.3541666666666,-71.1041666666666
GenSP,-14.7291666666666,-71.1041666666666
GenSP,-15.6458333333333,-71.1041666666666
GenSP,-14.9791666666666,-71.0625
GenSP,-15.0625,-71.0625
GenSP,-15.4375,-71.0625
GenSP,-16.5208333333333,-71.0625
GenSP,-29.6041666666667,-71.0625
GenSP,-44.2708333333333,-71.0625
GenSP,-14.0208333333333,-71.0208333333333
GenSP,-14.1875,-71.0208333333333
GenSP,-16.1875,-71.0208333333333
GenSP,-16.6041666666666,-71.0208333333333
GenSP,-14.0208333333333,-70.9791666666666
GenSP,-14.1875,-70.9791666666666
GenSP,-14.4375,-70.9791666666666
GenSP,-14.8125,-70.9791666666666
GenSP,-15.3541666666666,-70.9791666666666
GenSP,-15.9791666666666,-70.9791666666666
GenSP,-14.1458333333333,-70.9375
GenSP,-15.2291666666666,-70.9375
GenSP,-15.3125,-70.9375
GenSP,-15.4375,-70.9375
GenSP,-15.7291666666666,-70.9375
GenSP,-16.6041666666666,-70.9375
GenSP,-31.5625,-70.9375
GenSP,-13.8125,-70.8958333333333
GenSP,-13.9375,-70.8958333333333
GenSP,-15.4791666666666,-70.8958333333333
GenSP,-14.0208333333333,-70.8541666666666
GenSP,-14.4375,-70.8541666666666
GenSP,-14.6041666666666,-70.8541666666666
GenSP,-14.7291666666666,-70.8541666666666
GenSP,-15.9791666666666,-70.8541666666666
GenSP,-14.6458333333333,-70.8125
GenSP,-15.5625,-70.8125
GenSP,-15.9375,-70.8125
GenSP,-13.7291666666666,-70.7708333333333
GenSP,-14.0208333333333,-70.7708333333333
GenSP,-14.1458333333333,-70.7708333333333
GenSP,-15.1041666666666,-70.7708333333333
GenSP,-15.3125,-70.7708333333333
GenSP,-15.6041666666666,-70.7708333333333
GenSP,-15.9375,-70.7708333333333
GenSP,-36.1875,-70.7708333333333
GenSP,-13.8541666666666,-70.7291666666666
GenSP,-15.1458333333333,-70.7291666666666
GenSP,-16.1041666666666,-70.7291666666666
GenSP,-17.0625,-70.7291666666666
GenSP,-36.1458333333333,-70.7291666666666
GenSP,-38.3541666666667,-70.7291666666666
GenSP,-38.6041666666667,-70.7291666666666
GenSP,-13.7708333333333,-70.6875
GenSP,-14.1458333333333,-70.6875
GenSP,-14.6875,-70.6875
GenSP,-14.9791666666666,-70.6875
GenSP,-15.9375,-70.6875
GenSP,-14.0625,-70.6458333333333
GenSP,-14.7291666666666,-70.6458333333333
GenSP,-15.6458333333333,-70.6458333333333
GenSP,-15.8958333333333,-70.6458333333333
GenSP,-15.9375,-70.6458333333333
GenSP,-17.1875,-70.6458333333333
GenSP,-14.8958333333333,-70.6041666666666
GenSP,-15.2708333333333,-70.6041666666666
GenSP,-15.7708333333333,-70.6041666666666
GenSP,-16.6875,-70.6041666666666
GenSP,-16.8541666666666,-70.6041666666666
GenSP,-15.6041666666666,-70.5625
GenSP,-16.5208333333333,-70.5625
GenSP,-16.5625,-70.5625
GenSP,-16.8541666666666,-70.5625
GenSP,-15.1041666666666,-70.5208333333333
GenSP,-15.1458333333333,-70.5208333333333
GenSP,-15.2708333333333,-70.5208333333333
GenSP,-15.8125,-70.5208333333333
GenSP,-16.0208333333333,-70.5208333333333
GenSP,-16.1458333333333,-70.5208333333333
GenSP,-30.8541666666667,-70.5208333333333
GenSP,-14.6875,-70.4791666666666
GenSP,-16.3958333333333,-70.4791666666666
GenSP,-16.8541666666666,-70.4791666666666
GenSP,-33.8958333333333,-70.4791666666666
GenSP,-34.9791666666667,-70.4791666666666
GenSP,-38.9375,-70.4791666666666
GenSP,-14.7708333333333,-70.3958333333333
GenSP,-15.3125,-70.3958333333333
GenSP,-16.6458333333333,-70.3958333333333
GenSP,-16.7291666666666,-70.3958333333333
GenSP,-17.1041666666666,-70.3958333333333
GenSP,-14.6875,-70.3541666666666
GenSP,-16.0208333333333,-70.3541666666666
GenSP,-16.3541666666666,-70.3541666666666
GenSP,-16.9791666666666,-70.3541666666666
GenSP,-33.4375,-70.3541666666666
GenSP,-35.1875,-70.3541666666666
GenSP,-14.1041666666666,-70.3125
GenSP,-16.5208333333333,-70.3125
GenSP,-31.3541666666667,-70.3125
GenSP,-14.4375,-70.2708333333333
GenSP,-14.8958333333333,-70.2708333333333
GenSP,-16.7291666666666,-70.2708333333333
GenSP,-16.1875,-70.2291666666666
GenSP,-17.1875,-70.2291666666666
GenSP,-31.6041666666667,-70.2291666666666
GenSP,-15.7291666666666,-70.1875
GenSP,-16.1041666666666,-70.1875
GenSP,-16.2291666666666,-70.1875
GenSP,-16.9375,-70.1875
GenSP,-14.8541666666666,-70.1458333333333
GenSP,-16.0208333333333,-70.1458333333333
GenSP,-16.6875,-70.1458333333333
GenSP,-29.8958333333333,-70.1458333333333
GenSP,-14.4375,-70.1041666666666
GenSP,-15.8541666666666,-70.1041666666666
GenSP,-16.7291666666666,-70.1041666666666
GenSP,-33.5625,-70.1041666666666
GenSP,-34.5625,-70.1041666666666
GenSP,-14.3125,-70.0625
GenSP,-14.8541666666666,-70.0625
GenSP,-16.3958333333333,-70.0625
GenSP,-16.5208333333333,-70.0625
GenSP,-16.8541666666666,-70.0625
GenSP,-16.9791666666666,-70.0625
GenSP,-17.3125,-70.0625
GenSP,-34.3958333333333,-70.0625
GenSP,-37.3125,-70.0625
GenSP,-17.2291666666666,-70.0208333333333
GenSP,-17.2708333333333,-70.0208333333333
GenSP,-17.3541666666666,-70.0208333333333
GenSP,-14.9375,-69.9791666666666
GenSP,-15.7291666666666,-69.9791666666666
GenSP,-16.8958333333333,-69.9791666666666
GenSP,-17.1458333333333,-69.9791666666666
GenSP,-17.3125,-69.9791666666666
GenSP,-31.1875,-69.9791666666666
GenSP,-32.1875,-69.9791666666666
GenSP,-14.1458333333333,-69.9375
GenSP,-16.3125,-69.9375
GenSP,-17.1041666666666,-69.9375
GenSP,-17.5625,-69.9375
GenSP,-14.0208333333333,-69.8958333333333
GenSP,-17.1041666666666,-69.8958333333333
GenSP,-17.5625,-69.8958333333333
GenSP,-17.7708333333333,-69.8958333333333
GenSP,-16.6875,-69.8541666666666
GenSP,-17.1041666666666,-69.8541666666666
GenSP,-33.8958333333333,-69.8541666666666
GenSP,-16.5208333333333,-69.8125
GenSP,-16.9791666666666,-69.8125
GenSP,-17.3958333333333,-69.8125
GenSP,-17.7708333333333,-69.8125
GenSP,-32.5625,-69.8125
GenSP,-15.6041666666666,-69.7708333333333
GenSP,-17.4375,-69.7708333333333
GenSP,-17.8958333333333,-69.7708333333333
GenSP,-17.9375,-69.7708333333333
GenSP,-32.8541666666667,-69.7708333333333
GenSP,-16.4375,-69.7291666666666
GenSP,-17.0208333333333,-69.7291666666666
GenSP,-17.2291666666666,-69.7291666666666
GenSP,-18.0208333333333,-69.7291666666666
GenSP,-18.1458333333333,-69.7291666666666
GenSP,-18.1875,-69.7291666666666
GenSP,-32.8541666666667,-69.7291666666666
GenSP,-14.8125,-69.6875
GenSP,-16.2291666666666,-69.6875
GenSP,-16.8125,-69.6875
GenSP,-14.5625,-69.6458333333333
GenSP,-14.8125,-69.6458333333333
GenSP,-15.0625,-69.6458333333333
GenSP,-17.1458333333333,-69.6458333333333
GenSP,-17.4375,-69.6458333333333
GenSP,-17.5208333333333,-69.6458333333333
GenSP,-17.7708333333333,-69.6458333333333
GenSP,-17.9791666666666,-69.6458333333333
GenSP,-33.3125,-69.6458333333333
GenSP,-17.3958333333333,-69.6041666666666
GenSP,-17.8541666666666,-69.6041666666666
GenSP,-17.8958333333333,-69.6041666666666
GenSP,-18.6041666666666,-69.6041666666666
GenSP,-18.0625,-69.5625
GenSP,-18.5208333333333,-69.5625
GenSP,-14.8958333333333,-69.5208333333333
GenSP,-16.3125,-69.5208333333333
GenSP,-18.3958333333333,-69.5208333333333
GenSP,-18.4791666666666,-69.5208333333333
GenSP,-18.6458333333333,-69.5208333333333
GenSP,-18.6875,-69.5208333333333
GenSP,-17.8125,-69.4791666666666
GenSP,-18.0208333333333,-69.4791666666666
GenSP,-17.0208333333333,-69.4375
GenSP,-17.1041666666666,-69.4375
GenSP,-18.5208333333333,-69.4375
GenSP,-18.6875,-69.4375
GenSP,-14.5208333333333,-69.3958333333333
GenSP,-14.6875,-69.3958333333333
GenSP,-17.2708333333333,-69.3958333333333
GenSP,-18.0208333333333,-69.3958333333333
GenSP,-18.5208333333333,-69.3958333333333
GenSP,-18.8541666666666,-69.3958333333333
GenSP,-16.5625,-69.3541666666666
GenSP,-17.1041666666666,-69.3541666666666
GenSP,-17.5625,-69.3541666666666
GenSP,-18.1041666666666,-69.3541666666666
GenSP,-18.3958333333333,-69.3541666666666
GenSP,-18.4375,-69.3541666666666
GenSP,-18.6458333333333,-69.3541666666666
GenSP,-19.0208333333333,-69.3541666666666
GenSP,-19.1041666666666,-69.3541666666666
GenSP,-14.6875,-69.3125
GenSP,-14.8541666666666,-69.3125
GenSP,-18.4375,-69.3125
GenSP,-18.9375,-69.3125
GenSP,-17.8958333333333,-69.2708333333333
GenSP,-19.1458333333333,-69.2708333333333
GenSP,-17.2708333333333,-69.2291666666666
GenSP,-17.5208333333333,-69.2291666666666
GenSP,-18.6041666666666,-69.2291666666666
GenSP,-19.5208333333333,-69.2291666666666
GenSP,-17.6875,-69.1875
GenSP,-18.0208333333333,-69.1875
GenSP,-18.6041666666666,-69.1875
GenSP,-18.8958333333333,-69.1875
GenSP,-19.4791666666666,-69.1875
GenSP,-19.9375,-69.1875
GenSP,-20.0625,-69.1875
GenSP,-17.5625,-69.1458333333333
GenSP,-17.8125,-69.1458333333333
GenSP,-18.4791666666666,-69.1458333333333
GenSP,-18.7291666666666,-69.1458333333333
GenSP,-19.4375,-69.1458333333333
GenSP,-15.1041666666666,-69.1041666666666
GenSP,-16.3958333333333,-69.1041666666666
GenSP,-17.3541666666666,-69.1041666666666
GenSP,-18.3541666666666,-69.1041666666666
GenSP,-18.5208333333333,-69.1041666666666
GenSP,-19.3958333333333,-69.1041666666666
GenSP,-17.9375,-69.0625
GenSP,-18.5625,-69.0625
GenSP,-18.6041666666666,-69.0625
GenSP,-19.5625,-69.0625
GenSP,-19.6041666666666,-69.0625
GenSP,-19.9375,-69.0625
GenSP,-15.2708333333333,-69.0208333333333
GenSP,-17.7708333333333,-69.0208333333333
GenSP,-18.8541666666666,-69.0208333333333
GenSP,-19.0208333333333,-69.0208333333333
GenSP,-19.1875,-69.0208333333333
GenSP,-20.3125,-69.0208333333333
GenSP,-20.5208333333333,-69.0208333333333
GenSP,-20.8125,-69.0208333333333
GenSP,-16.8541666666666,-68.9791666666666
GenSP,-17.9375,-68.9791666666666
GenSP,-18.5625,-68.9791666666666
GenSP,-18.9375,-68.9791666666666
GenSP,-19.8958333333333,-68.9791666666666
GenSP,-20.1041666666666,-68.9791666666666
GenSP,-20.4791666666666,-68.9791666666666
GenSP,-20.5208333333333,-68.9791666666666
GenSP,-21.6458333333333,-68.9791666666666
GenSP,-21.7708333333333,-68.9791666666666
GenSP,-30.7708333333333,-68.9791666666666
GenSP,-14.9791666666666,-68.9375
GenSP,-17.9375,-68.9375
GenSP,-18.7708333333333,-68.9375
GenSP,-18.8958333333333,-68.9375
GenSP,-20.3541666666666,-68.9375
GenSP,-20.4375,-68.9375
GenSP,-20.6875,-68.9375
GenSP,-18.1875,-68.8958333333333
GenSP,-18.4375,-68.8958333333333
GenSP,-19.1458333333333,-68.8958333333333
GenSP,-19.8541666666666,-68.8958333333333
GenSP,-19.9375,-68.8958333333333
GenSP,-20.4791666666666,-68.8958333333333
GenSP,-21.0208333333333,-68.8958333333333
GenSP,-18.0625,-68.8541666666666
GenSP,-18.1041666666666,-68.8541666666666
GenSP,-18.5208333333333,-68.8541666666666
GenSP,-19.7291666666666,-68.8541666666666
GenSP,-19.7708333333333,-68.8541666666666
GenSP,-20.4791666666666,-68.8541666666666
GenSP,-20.7708333333333,-68.8541666666666
GenSP,-20.8125,-68.8541666666666
GenSP,-21.1458333333333,-68.8541666666666
GenSP,-21.3958333333333,-68.8541666666666
GenSP,-21.4791666666666,-68.8541666666666
GenSP,-21.6875,-68.8541666666666
GenSP,-21.9375,-68.8541666666666
GenSP,-27.7291666666667,-68.8541666666666
GenSP,-18.3541666666666,-68.8125
GenSP,-18.4375,-68.8125
GenSP,-19.1041666666666,-68.8125
GenSP,-19.3125,-68.8125
GenSP,-19.6875,-68.8125
GenSP,-19.7291666666666,-68.8125
GenSP,-20.7708333333333,-68.8125
GenSP,-21.1875,-68.8125
GenSP,-19.0208333333333,-68.7708333333333
GenSP,-19.9791666666666,-68.7708333333333
GenSP,-20.0208333333333,-68.7708333333333
GenSP,-20.1875,-68.7708333333333
GenSP,-20.3541666666666,-68.7708333333333
GenSP,-20.4791666666666,-68.7708333333333
GenSP,-20.8125,-68.7708333333333
GenSP,-21.4791666666666,-68.7708333333333
GenSP,-25.1458333333333,-68.7708333333333
GenSP,-25.5208333333333,-68.7708333333333
GenSP,-18.4375,-68.7291666666666
GenSP,-18.4791666666666,-68.7291666666666
GenSP,-19.6458333333333,-68.7291666666666
GenSP,-19.6875,-68.7291666666666
GenSP,-19.7291666666666,-68.7291666666666
GenSP,-20.1875,-68.7291666666666
GenSP,-20.8541666666666,-68.7291666666666
GenSP,-21.4791666666666,-68.7291666666666
GenSP,-17.8541666666666,-68.6875
GenSP,-18.5625,-68.6875
GenSP,-20.3541666666666,-68.6875
GenSP,-21.3125,-68.6875
GenSP,-17.5208333333333,-68.6458333333333
GenSP,-18.9791666666666,-68.6458333333333
GenSP,-20.0625,-68.6458333333333
GenSP,-16.4791666666666,-68.6041666666666
GenSP,-17.3541666666666,-68.6041666666666
GenSP,-17.9375,-68.6041666666666
GenSP,-19.2291666666666,-68.6041666666666
GenSP,-19.8541666666666,-68.6041666666666
GenSP,-20.2291666666666,-68.6041666666666
GenSP,-20.4791666666666,-68.6041666666666
GenSP,-21.3541666666666,-68.6041666666666
GenSP,-21.8541666666666,-68.6041666666666
GenSP,-18.7291666666666,-68.5625
GenSP,-19.1041666666666,-68.5625
GenSP,-20.6041666666666,-68.5625
GenSP,-20.8125,-68.5625
GenSP,-20.9375,-68.5625
GenSP,-21.2291666666666,-68.5625
GenSP,-21.3958333333333,-68.5625
GenSP,-21.7708333333333,-68.5625
GenSP,-16.8125,-68.5208333333333
GenSP,-17.1875,-68.5208333333333
GenSP,-17.7708333333333,-68.5208333333333
GenSP,-19.5625,-68.5208333333333
GenSP,-19.8541666666666,-68.5208333333333
GenSP,-20.0625,-68.5208333333333
GenSP,-20.5208333333333,-68.5208333333333
GenSP,-21.1458333333333,-68.5208333333333
GenSP,-21.2708333333333,-68.5208333333333
GenSP,-21.5625,-68.5208333333333
GenSP,-16.4791666666666,-68.4791666666666
GenSP,-16.9375,-68.4791666666666
GenSP,-18.1458333333333,-68.4791666666666
GenSP,-19.9375,-68.4791666666666
GenSP,-20.5208333333333,-68.4791666666666
GenSP,-17.6458333333333,-68.4375
GenSP,-18.1458333333333,-68.4375
GenSP,-19.0208333333333,-68.4375
GenSP,-19.8541666666666,-68.4375
GenSP,-20.8125,-68.4375
GenSP,-21.2291666666666,-68.4375
GenSP,-21.4375,-68.4375
GenSP,-18.2708333333333,-68.3958333333333
GenSP,-19.3541666666666,-68.3958333333333
GenSP,-20.0208333333333,-68.3958333333333
GenSP,-20.0625,-68.3958333333333
GenSP,-20.5208333333333,-68.3958333333333
GenSP,-21.3541666666666,-68.3958333333333
GenSP,-21.3958333333333,-68.3958333333333
GenSP,-22.6041666666667,-68.3958333333333
GenSP,-17.4375,-68.3541666666666
GenSP,-17.8541666666666,-68.3541666666666
GenSP,-18.3125,-68.3541666666666
GenSP,-18.3541666666666,-68.3541666666666
GenSP,-18.9375,-68.3541666666666
GenSP,-19.8125,-68.3541666666666
GenSP,-19.8541666666666,-68.3541666666666
GenSP,-19.9375,-68.3541666666666
GenSP,-20.4791666666666,-68.3541666666666
GenSP,-20.6458333333333,-68.3541666666666
GenSP,-20.8125,-68.3541666666666
GenSP,-21.1041666666666,-68.3541666666666
GenSP,-16.3125,-68.3125
GenSP,-20.4791666666666,-68.3125
GenSP,-20.6041666666666,-68.3125
GenSP,-20.8125,-68.3125
GenSP,-21.1875,-68.3125
GenSP,-21.3125,-68.3125
GenSP,-21.8125,-68.3125
GenSP,-16.0208333333333,-68.2708333333333
GenSP,-16.5208333333333,-68.2708333333333
GenSP,-18.2708333333333,-68.2708333333333
GenSP,-18.8125,-68.2708333333333
GenSP,-18.8958333333333,-68.2708333333333
GenSP,-19.6041666666666,-68.2708333333333
GenSP,-20.4791666666666,-68.2708333333333
GenSP,-20.9791666666666,-68.2708333333333
GenSP,-21.9375,-68.2708333333333
GenSP,-16.1041666666666,-68.2291666666666
GenSP,-16.6875,-68.2291666666666
GenSP,-18.0208333333333,-68.2291666666666
GenSP,-19.7291666666666,-68.2291666666666
GenSP,-20.6458333333333,-68.2291666666666
GenSP,-21.2291666666666,-68.2291666666666
GenSP,-21.4791666666666,-68.2291666666666
GenSP,-17.6458333333333,-68.1875
GenSP,-21.0625,-68.1875
GenSP,-17.3125,-68.1458333333333
GenSP,-17.4375,-68.1458333333333
GenSP,-21.0208333333333,-68.1458333333333
GenSP,-21.0625,-68.1458333333333
GenSP,-21.1041666666666,-68.1458333333333
GenSP,-22.4375,-68.1458333333333
GenSP,-26.1458333333333,-68.1458333333333
GenSP,-18.8125,-68.1041666666666
GenSP,-19.6875,-68.1041666666666
GenSP,-21.2291666666666,-68.1041666666666
GenSP,-17.1458333333333,-68.0625
GenSP,-17.8541666666666,-68.0625
GenSP,-18.6458333333333,-68.0625
GenSP,-22.5625,-68.0625
GenSP,-18.5625,-68.0208333333333
GenSP,-21.2291666666666,-68.0208333333333
GenSP,-20.1458333333333,-67.9791666666666
GenSP,-23.5625,-67.9791666666666
GenSP,-19.1458333333333,-67.9375
GenSP,-21.2291666666666,-67.9375
GenSP,-22.6875,-67.9375
GenSP,-26.9791666666667,-67.9375
GenSP,-17.1041666666666,-67.8958333333333
GenSP,-18.2708333333333,-67.8958333333333
GenSP,-18.3958333333333,-67.8958333333333
GenSP,-18.8541666666666,-67.8958333333333
GenSP,-19.5208333333333,-67.8958333333333
GenSP,-19.6875,-67.8958333333333
GenSP,-25.7708333333333,-67.8958333333333
GenSP,-18.6041666666666,-67.8541666666666
GenSP,-18.8541666666666,-67.8541666666666
GenSP,-20.8541666666666,-67.8541666666666
GenSP,-22.0208333333333,-67.8541666666666
GenSP,-18.1458333333333,-67.8125
GenSP,-19.2708333333333,-67.8125
GenSP,-19.4791666666666,-67.8125
GenSP,-19.7708333333333,-67.8125
GenSP,-22.6458333333333,-67.8125
GenSP,-24.5625,-67.8125
GenSP,-17.8125,-67.7708333333333
GenSP,-18.7708333333333,-67.7708333333333
GenSP,-19.3958333333333,-67.7708333333333
GenSP,-19.4375,-67.7708333333333
GenSP,-23.6875,-67.7708333333333
GenSP,-18.5208333333333,-67.7291666666666
GenSP,-18.8958333333333,-67.6875
GenSP,-21.8541666666666,-67.6875
GenSP,-23.1875,-67.6875
GenSP,-17.5208333333333,-67.6458333333333
GenSP,-18.4375,-67.6458333333333
GenSP,-19.6458333333333,-67.6458333333333
GenSP,-19.8125,-67.6458333333333
GenSP,-21.3125,-67.6458333333333
GenSP,-22.9791666666667,-67.6458333333333
GenSP,-23.1041666666667,-67.6458333333333
GenSP,-23.8958333333333,-67.6458333333333
GenSP,-25.3541666666667,-67.6458333333333
GenSP,-18.7708333333333,-67.6041666666666
GenSP,-22.8958333333333,-67.6041666666666
GenSP,-23.1041666666667,-67.6041666666666
GenSP,-23.3958333333333,-67.6041666666666
GenSP,-19.2708333333333,-67.5625
GenSP,-19.8541666666666,-67.5625
GenSP,-22.4791666666666,-67.5625
GenSP,-19.4791666666666,-67.5208333333333
GenSP,-23.8541666666667,-67.5208333333333
GenSP,-27.6458333333333,-67.5208333333333
GenSP,-22.2291666666666,-67.4791666666666
GenSP,-22.9791666666667,-67.4791666666666
GenSP,-23.0625,-67.4791666666666
GenSP,-24.0208333333333,-67.4791666666666
GenSP,-25.6041666666667,-67.4791666666666
GenSP,-27.2708333333333,-67.4791666666666
GenSP,-17.1041666666666,-67.4375
GenSP,-20.9375,-67.4375
GenSP,-22.7291666666667,-67.4375
GenSP,-26.3958333333333,-67.4375
GenSP,-17.0208333333333,-67.3958333333333
GenSP,-17.5625,-67.3958333333333
GenSP,-19.7291666666666,-67.3958333333333
GenSP,-21.5625,-67.3958333333333
GenSP,-22.5625,-67.3958333333333
GenSP,-22.6458333333333,-67.3958333333333
GenSP,-22.9375,-67.3958333333333
GenSP,-30.8125,-67.3958333333333
GenSP,-19.1875,-67.3541666666666
GenSP,-20.8125,-67.3541666666666
GenSP,-22.1041666666666,-67.3541666666666
GenSP,-22.6041666666667,-67.3541666666666
GenSP,-22.8125,-67.3541666666666
GenSP,-25.1458333333333,-67.3541666666666
GenSP,-17.6875,-67.3125
GenSP,-17.3125,-67.2708333333333
GenSP,-18.5208333333333,-67.2708333333333
GenSP,-23.6875,-67.2708333333333
GenSP,-21.3958333333333,-67.2291666666666
GenSP,-22.1041666666666,-67.1875
GenSP,-22.8541666666667,-67.1875
GenSP,-17.3125,-67.1458333333333
GenSP,-17.3541666666666,-67.1458333333333
GenSP,-21.8125,-67.1458333333333
GenSP,-22.8125,-67.1458333333333
GenSP,-25.4791666666667,-67.1458333333333
GenSP,-27.3958333333333,-67.1458333333333
GenSP,-19.5208333333333,-67.1041666666666
GenSP,-20.0208333333333,-67.1041666666666
GenSP,-21.6458333333333,-67.1041666666666
GenSP,-22.4375,-67.1041666666666
GenSP,-22.9791666666667,-67.1041666666666
GenSP,-18.8125,-67.0625
GenSP,-21.6875,-67.0625
GenSP,-22.3125,-67.0625
GenSP,-25.9791666666667,-67.0625
GenSP,-18.8541666666666,-67.0208333333333
GenSP,-19.3541666666666,-66.9791666666666
GenSP,-20.5208333333333,-66.9791666666666
GenSP,-20.6041666666666,-66.9791666666666
GenSP,-25.5208333333333,-66.9791666666666
GenSP,-18.2708333333333,-66.9375
GenSP,-22.3541666666666,-66.9375
GenSP,-23.3541666666667,-66.9375
GenSP,-23.6875,-66.9375
GenSP,-19.7708333333333,-66.8958333333333
GenSP,-20.5625,-66.8958333333333
GenSP,-21.8958333333333,-66.8958333333333
GenSP,-22.3125,-66.8958333333333
GenSP,-23.3958333333333,-66.8958333333333
GenSP,-24.2291666666667,-66.8958333333333
GenSP,-25.1041666666667,-66.8958333333333
GenSP,-22.2708333333333,-66.8541666666666
GenSP,-25.6875,-66.8541666666666
GenSP,-26.7708333333333,-66.8541666666666
GenSP,-19.8958333333333,-66.8125
GenSP,-21.6041666666666,-66.8125
GenSP,-21.9375,-66.8125
GenSP,-19.0625,-66.7708333333333
GenSP,-20.3125,-66.7708333333333
GenSP,-22.8541666666667,-66.7708333333333
GenSP,-23.5208333333333,-66.7708333333333
GenSP,-23.0625,-66.7291666666666
GenSP,-25.7291666666667,-66.7291666666666
GenSP,-23.7708333333333,-66.6875
GenSP,-25.4375,-66.6875
GenSP,-25.8125,-66.6875
GenSP,-25.9375,-66.6875
GenSP,-19.2708333333333,-66.6458333333333
GenSP,-20.1458333333333,-66.6458333333333
GenSP,-22.7291666666667,-66.6458333333333
GenSP,-24.2708333333333,-66.6458333333333
GenSP,-25.7291666666667,-66.6458333333333
GenSP,-16.9375,-66.6041666666666
GenSP,-17.8541666666666,-66.6041666666666
GenSP,-18.1875,-66.6041666666666
GenSP,-19.6041666666666,-66.6041666666666
GenSP,-20.1875,-66.6041666666666
GenSP,-21.4375,-66.6041666666666
GenSP,-24.9375,-66.6041666666666
GenSP,-25.2291666666667,-66.6041666666666
GenSP,-25.7708333333333,-66.6041666666666
GenSP,-26.2708333333333,-66.6041666666666
GenSP,-19.3958333333333,-66.5625
GenSP,-20.7708333333333,-66.5625
GenSP,-20.8958333333333,-66.5625
GenSP,-22.3125,-66.5625
GenSP,-24.1458333333333,-66.5625
GenSP,-26.4375,-66.5625
GenSP,-16.9791666666666,-66.5208333333333
GenSP,-18.3125,-66.5208333333333
GenSP,-18.3958333333333,-66.5208333333333
GenSP,-20.5625,-66.5208333333333
GenSP,-21.5208333333333,-66.5208333333333
GenSP,-21.6458333333333,-66.5208333333333
GenSP,-16.8958333333333,-66.4791666666666
GenSP,-17.9791666666666,-66.4791666666666
GenSP,-18.6041666666666,-66.4791666666666
GenSP,-21.3541666666666,-66.4791666666666
GenSP,-23.3958333333333,-66.4791666666666
GenSP,-23.8125,-66.4791666666666
GenSP,-24.1875,-66.4791666666666
GenSP,-26.3958333333333,-66.4791666666666
GenSP,-26.5208333333333,-66.4791666666666
GenSP,-18.2291666666666,-66.3958333333333
GenSP,-19.9375,-66.3958333333333
GenSP,-24.6458333333333,-66.3958333333333
GenSP,-24.7708333333333,-66.3958333333333
GenSP,-17.9375,-66.3541666666666
GenSP,-19.1875,-66.3541666666666
GenSP,-22.6041666666667,-66.3541666666666
GenSP,-23.9791666666667,-66.3541666666666
GenSP,-24.1041666666667,-66.3541666666666
GenSP,-25.9375,-66.3541666666666
GenSP,-18.5625,-66.3125
GenSP,-18.6041666666666,-66.3125
GenSP,-21.8958333333333,-66.3125
GenSP,-22.8125,-66.3125
GenSP,-26.5208333333333,-66.3125
GenSP,-19.2291666666666,-66.2708333333333
GenSP,-20.2708333333333,-66.2708333333333
GenSP,-20.5208333333333,-66.2708333333333
GenSP,-18.4375,-66.2291666666666
GenSP,-18.5208333333333,-66.2291666666666
GenSP,-19.2291666666666,-66.2291666666666
GenSP,-19.7708333333333,-66.2291666666666
GenSP,-21.3541666666666,-66.2291666666666
GenSP,-22.3958333333333,-66.2291666666666
GenSP,-25.4375,-66.2291666666666
GenSP,-18.5208333333333,-66.1875
GenSP,-19.0208333333333,-66.1875
GenSP,-19.6041666666666,-66.1458333333333
GenSP,-20.6875,-66.1458333333333
GenSP,-20.9791666666666,-66.1458333333333
GenSP,-21.6041666666666,-66.1458333333333
GenSP,-21.6458333333333,-66.1458333333333
GenSP,-18.4375,-66.1041666666666
GenSP,-18.6875,-66.1041666666666
GenSP,-19.8125,-66.1041666666666
GenSP,-24.0625,-66.1041666666666
GenSP,-19.6041666666666,-66.0625
GenSP,-20.6875,-66.0625
GenSP,-20.9375,-66.0625
GenSP,-19.7708333333333,-66.0208333333333
GenSP,-20.9375,-66.0208333333333
GenSP,-21.3125,-66.0208333333333
GenSP,-19.4375,-65.9791666666666
GenSP,-19.5208333333333,-65.9791666666666
GenSP,-23.9791666666667,-65.9791666666666
GenSP,-18.4375,-65.9375
GenSP,-22.2708333333333,-65.9375
GenSP,-23.3541666666667,-65.9375
GenSP,-24.1041666666667,-65.9375
GenSP,-27.0208333333333,-65.9375
GenSP,-21.4375,-65.8958333333333
GenSP,-21.9791666666666,-65.8958333333333
GenSP,-27.8125,-65.8958333333333
GenSP,-22.1041666666666,-65.8541666666666
GenSP,-22.6041666666667,-65.8541666666666
GenSP,-24.8541666666667,-65.8541666666666
GenSP,-24.8541666666667,-65.7708333333333
GenSP,-20.1458333333333,-65.7291666666666
GenSP,-24.1458333333333,-65.7291666666666
GenSP,-24.3125,-65.7291666666666
GenSP,-23.3125,-65.6875
GenSP,-23.1458333333333,-65.6041666666666
GenSP,-23.3541666666667,-65.6041666666666
GenSP,-21.0208333333333,-65.5625
GenSP,-22.6041666666667,-65.5208333333333
GenSP,-21.4791666666666,-65.4375
GenSP,-22.3958333333333,-65.4375
GenSP,-20.6875,-65.3958333333333
GenSP,-22.3958333333333,-65.3125
GenSP,-21.4375,-65.2708333333333
GenSP,-22.1458333333333,-65.1875
GenSP,-23.1458333333333,-65.0625
GenSP,-21.5208333333333,-65.0208333333333
GenSP,-17.8958333333333,-64.9791666666666
GenSP,-23.3541666666667,-64.8541666666666
GenSP,-31.7708333333333,-64.6875
GenSP,-20.7708333333333,-44.7291666666666
GenSP,-22.6875,-44.7291666666666
